{"cameraMode":{"drawMode":0,"name":"Shaded","section":"Shading Mode"},"sceneLighting":false,"audioPlay":false,"sceneViewState":{"showFog":true,"showMaterialUpdate":false,"showSkybox":false,"showFlares":true,"showImageEffects":true,"showParticleSystems":true},"in2DMode":false,"pivot":{"x":5.690923690795898,"y":3.64141845703125,"z":9.401439666748047},"rotation":{"x":0.30816319584846499,"y":-0.2075289487838745,"z":0.06907477974891663,"w":0.9258503317832947},"size":79.07315826416016,"orthographic":false}