{"cameraMode":{"drawMode":0,"name":"Shaded","section":"Shading Mode"},"sceneLighting":false,"audioPlay":false,"sceneViewState":{"showFog":true,"showMaterialUpdate":false,"showSkybox":false,"showFlares":true,"showImageEffects":true,"showParticleSystems":true},"in2DMode":false,"pivot":{"x":3.512235164642334,"y":0.520357608795166,"z":0.16985321044921876},"rotation":{"x":0.17490465939044953,"y":0.0029489905573427679,"z":-0.000523814233019948,"w":0.9845816493034363},"size":9.587319374084473,"orthographic":false}